Hoofdstuk;Naam_hoofdstuk;Beheersmaatregel_ID;Beheersmaatregel_naam;Beheersmaatregel_inhoud
4;Context van de organisatie;4.1;Relevante punten vaststellen doelstelling;De organisatie moet externe en interne (belangrijke) punten vaststellen die relevant zijn voor haar doelstelling en die haar vermogen beïnvloeden om het (de) beoogde resulta(a)t(en) van haar managementsysteem voor informatiebeveiliging te behalen.
4;Context van de organisatie;4.2.a;Inzicht in de behoeften en verwachtingen van belanghebbenden;De organisatie moet vaststellen: welke belanghebbenden relevant zijn voor het managementsysteem voor informatiebeveiliging.
4;Context van de organisatie;4.2.b;Inzicht in de behoeften en verwachtingen van belanghebbenden;De organisatie moet vaststellen: welke eisen van deze belanghebbenden relevant zijn.
4;Context van de organisatie;4.2.c;Inzicht in de behoeften en verwachtingen van belanghebbenden;De organisatie moet vaststellen: welke van deze eisen zullen worden geadresseerd in het managementsysteem voor informatiebeveiliging.
4;Context van de organisatie;4.3.a;Het toepassingsgebied van het managementsysteem voor informatiebeveiliging vaststellen;Bij het vaststellen van dit toepassingsgebied moet de organisatie het volgende overwegen: de in 4.1 genoemde externe en interne belangrijke punten (issues).
4;Context van de organisatie;4.3.b;Het toepassingsgebied van het managementsysteem voor informatiebeveiliging vaststellen;Bij het vaststellen van dit toepassingsgebied moet de organisatie het volgende overwegen: de in 4.2 genoemde eisen.
4;Context van de organisatie;4.3.c;Het toepassingsgebied van het managementsysteem voor informatiebeveiliging vaststellen;Bij het vaststellen van dit toepassingsgebied moet de organisatie het volgende overwegen: raakvlakken en afhankelijkheden tussen activiteiten die door de organisatie worden uitgevoerd en activiteiten die door andere organisaties worden uitgevoerd.
4;Context van de organisatie;4.4;Managementsysteem voor informatiebeveiliging;De organisatie moet een managementsysteem voor informatiebeveiliging inrichten, implementeren, onderhouden en continu verbeteren, met inbegrip van de benodigde processen en hun interacties, in overeenstemming met de eisen van dit document.
5;Leiderschap;5.1.a;Leiderschap en betrokkenheid;Het topmanagement moet leiderschap en betrokkenheid tonen met betrekking tot het managementsysteem voor informatiebeveiliging door: a) te bewerkstelligen dat het informatiebeveiligingsbeleid en de informatiebeveiligingsdoelstellingen worden vastgesteld en compatibel zijn met de strategische richting van de organisatie.
5;Leiderschap;5.1.b;Leiderschap en betrokkenheid;Het topmanagement moet leiderschap en betrokkenheid tonen met betrekking tot het managementsysteem voor informatiebeveiliging door: | b) te bewerkstelligen dat de eisen van het managementsysteem voor informatiebeveiliging in de processen van de organisatie worden geïntegreerd.
5;Leiderschap;5.1.c;Leiderschap en betrokkenheid;Het topmanagement moet leiderschap en betrokkenheid tonen met betrekking tot het managementsysteem voor informatiebeveiliging door: | c) te bewerkstelligen dat de voor het managementsysteem voor informatiebeveiliging benodigde middelen beschikbaar zijn.
5;Leiderschap;5.1.d;Leiderschap en betrokkenheid;Het topmanagement moet leiderschap en betrokkenheid tonen met betrekking tot het managementsysteem voor informatiebeveiliging door: | d) het belang van doeltreffend informatiebeveiligingsmanagement en van het voldoen aan de eisen van het managementsysteem voor informatiebeveiliging te communiceren.
5;Leiderschap;5.1.e;Leiderschap en betrokkenheid;Het topmanagement moet leiderschap en betrokkenheid tonen met betrekking tot het managementsysteem voor informatiebeveiliging door: | e) te bewerkstelligen dat het managementsysteem voor informatiebeveiliging zijn beoogde resulta(a)t(en) behaalt.
5;Leiderschap;5.1.f;Leiderschap en betrokkenheid;Het topmanagement moet leiderschap en betrokkenheid tonen met betrekking tot het managementsysteem voor informatiebeveiliging door: | f) mensen aan te sturen en te ondersteunen om een bijdrage te leveren aan de doeltreffendheid van het managementsysteem voor informatiebeveiliging.
5;Leiderschap;5.1.g;Leiderschap en betrokkenheid;Het topmanagement moet leiderschap en betrokkenheid tonen met betrekking tot het managementsysteem voor informatiebeveiliging door: | g) continue verbetering te bevorderen. en
5;Leiderschap;5.1.h;Leiderschap en betrokkenheid;Het topmanagement moet leiderschap en betrokkenheid tonen met betrekking tot het managementsysteem voor informatiebeveiliging door: | h) andere relevante managementrollen te ondersteunen om hun leiderschap te tonen binnen hun verantwoordelijkheidsgebieden.
5;Leiderschap;5.2.a;Beleid;Het topmanagement moet een informatiebeveiligingsbeleid vaststellen a) passend is voor het doel van de organisatie.
5;Leiderschap;5.2.b;Beleid;Het topmanagement moet een informatiebeveiligingsbeleid vaststellen dat: | b) informatiebeveiligingsdoelstellingen (zie 6.2) bevat of het kader biedt voor het vaststellen van informatiebeveiligingsdoelstellingen.
5;Leiderschap;5.2.c;Beleid;Het topmanagement moet een informatiebeveiligingsbeleid vaststellen dat: | c) een verbintenis bevat om te voldoen aan van toepassing zijnde eisen in verband met informatiebeveiliging.
5;Leiderschap;5.2.d;Beleid;Het topmanagement moet een informatiebeveiligingsbeleid vaststellen dat: | d) een verbintenis bevat tot continue verbetering van het managementsysteem voor informatiebeveiliging.
5;Leiderschap;5.2.e;Beleid;Het informatiebeveiligingsbeleid moet: e) beschikbaar zijn als gedocumenteerde informatie.
5;Leiderschap;5.2.f;Beleid;Het informatiebeveiligingsbeleid moet: | f) worden gecommuniceerd binnen de organisatie.
5;Leiderschap;5.2.g;Beleid;Het informatiebeveiligingsbeleid moet: | g) beschikbaar zijn voor belanghebbenden voor zover van toepassing.
5;Leiderschap;5.3.a;Rollen, verantwoordelijkheden en bevoegdheden binnen de organisatie;Het topmanagement moet de verantwoordelijkheid en bevoegdheid toekennen met betrekking tot: a) het bewerkstelligen dat het managementsysteem voor informatiebeveiliging voldoet aan de eisen van dit document.
5;Leiderschap;5.3.b;Rollen, verantwoordelijkheden en bevoegdheden binnen de organisatie;Het topmanagement moet de verantwoordelijkheid en bevoegdheid toekennen met betrekking tot: | b) het rapporteren over de prestaties van het managementsysteem voor informatiebeveiliging aan het topmanagement.
6;Planning;6.1.1.a;Acties om risico’s en kansen op te pakken;Bij het plannen voor het managementsysteem voor informatiebeveiliging moet de organisatie de in 4.1 genoemde belangrijke punten (issues) en de in 4.2 genoemde eisen overwegen, en de risico’s en kansen vaststellen die moeten worden opgepakt om: a) te waarborgen dat het managementsysteem voor informatiebeveiliging zijn beoogde resulta(a)t(en) kan behalen.
6;Planning;6.1.1.b;Acties om risico’s en kansen op te pakken;Bij het plannen voor het managementsysteem voor informatiebeveiliging moet de organisatie de in 4.1 genoemde belangrijke punten (issues) en de in 4.2 genoemde eisen overwegen, en de risico’s en kansen vaststellen die moeten worden opgepakt om: | b) ongewenste effecten te voorkomen of te verminderen.
6;Planning;6.1.1.c;Acties om risico’s en kansen op te pakken;Bij het plannen voor het managementsysteem voor informatiebeveiliging moet de organisatie de in 4.1 genoemde belangrijke punten (issues) en de in 4.2 genoemde eisen overwegen, en de risico’s en kansen vaststellen die moeten worden opgepakt om: | c) continue verbetering te bereiken.
6;Planning;6.1.1.d;Acties om risico’s en kansen op te pakken;De organisatie moet: d) acties plannen om deze risico’s en kansen op te pakken. en
6;Planning;6.1.1.e;Acties om risico’s en kansen op te pakken;De organisatie moet: | e) plannen op welke manier: 1) de acties in de processen van haar managementsysteem voor informatiebeveiliging worden geïntegreerd en geïmplementeerd. en 2) de doeltreffendheid van deze acties wordt geëvalueerd.
6;Planning;6.1.2.a;Risicobeoordeling van informatiebeveiliging;De organisatie moet een risicobeoordelingsprocedure voor informatiebeveiliging definiëren en toepassen die: a) risicocriteria voor informatiebeveiliging vaststelt en onderhoudt, waaronder: 1) de risicoacceptatiecriteria. en 2) criteria voor het uitvoeren van risicobeoordelingen van informatiebeveiliging.
6;Planning;6.1.2.b;Risicobeoordeling van informatiebeveiliging;De organisatie moet een risicobeoordelingsprocedure voor informatiebeveiliging definiëren en toepassen die: | b) waarborgt dat herhaalde risicobeoordelingen van informatiebeveiliging consistente, valide en vergelijkbare resultaten opleveren.
6;Planning;6.1.2.c;Risicobeoordeling van informatiebeveiliging;De organisatie moet een risicobeoordelingsprocedure voor informatiebeveiliging definiëren en toepassen die: | c) de informatiebeveiligingsrisico’s identificeert: 1) pas de risicobeoordelingsprocedure voor informatiebeveiliging toe om de risico’s in verband met het verlies van vertrouwelijkheid, integriteit en beschikbaarheid van informatie binnen het toepassingsgebied van het managementsysteem voor informatiebeveiliging te identificeren. en 2) identificeer de risico-eigenaren.
6;Planning;6.1.2.d;Risicobeoordeling van informatiebeveiliging;De organisatie moet een risicobeoordelingsprocedure voor informatiebeveiliging definiëren en toepassen die: | d) de informatiebeveiligingsrisico’s analyseert: 1) beoordeel de potentiële gevolgen indien de risico’s die in 6.1.2 c) 1) zijn vastgesteld, zich zouden voordoen. 2) beoordeel de realistische waarschijnlijkheid dat de risico’s die zijn vastgesteld in 6.1.2 c) 1) zich voordoen. en 3) stel de risiconiveaus vast.
6;Planning;6.1.2.e;Risicobeoordeling van informatiebeveiliging;De organisatie moet een risicobeoordelingsprocedure voor informatiebeveiliging definiëren en toepassen die: | e) de informatiebeveiligingsrisico’s evalueert: 1) vergelijk de resultaten van de risicoanalyse met de risicocriteria die zijn vastgesteld in 6.1.2 a). en 2) prioriteer de geanalyseerde risico’s voor risicobehandeling.
6;Planning;6.1.3.a;Behandeling van informatiebeveiligingsrisico’s;De organisatie moet een procedure voor de behandeling van informatiebeveiligingsrisico’s definiëren en toepassen om: a) passende opties voor de behandeling van informatiebeveiligingsrisico’s te selecteren, rekening houdend met de resultaten van de risicobeoordeling.
6;Planning;6.1.3.b;Behandeling van informatiebeveiligingsrisico’s;De organisatie moet een procedure voor de behandeling van informatiebeveiligingsrisico’s definiëren en toepassen om: | b) alle beheersmaatregelen vast te stellen die nodig zijn om de gekozen optie(s) voor de behandeling van informatiebeveiligingsrisico’s te implementeren. OPMERKING 1 Organisaties kunnen beheersmaatregelen naar behoefte ontwerpen of ze uit een bepaalde bron halen.
6;Planning;6.1.3.c;Behandeling van informatiebeveiligingsrisico’s;De organisatie moet een procedure voor de behandeling van informatiebeveiligingsrisico’s definiëren en toepassen om: | c) de in 6.1.3 b) hierboven vastgestelde beheersmaatregelen te vergelijken met de beheersmaatregelen in bijlage A en te verifiëren of er geen noodzakelijke beheersmaatregelen zijn weggelaten. OPMERKING 2 Bijlage A bevat een lijst van mogelijke beheersmaatregelen voor informatiebeveiliging. Gebruikers van dit document worden op bijlage A gewezen om ervoor te zorgen dat er geen noodzakelijke beheersmaatregelen voor informatiebeveiliging over het hoofd worden gezien. OPMERKING 3 De lijst van beheersmaatregelen voor informatiebeveiliging in bijlage A is niet volledig en zo nodig kunnen er aanvullende beheersmaatregelen voor informatiebeveiliging in worden opgenomen.
6;Planning;6.1.3.d;Behandeling van informatiebeveiligingsrisico’s;De organisatie moet een procedure voor de behandeling van informatiebeveiligingsrisico’s definiëren en toepassen om: | d) een verklaring van toepasselijkheid op te stellen die het volgende bevat: - de noodzakelijke beheersmaatregelen (zie 6.1.3 b) en c)). - een rechtvaardiging voor het opnemen ervan. - de informatie of de benodigde beheersmaatregelen zijn geïmplementeerd of niet. en - de rechtvaardiging voor het uitsluiten van beheersmaatregelen uit bijlage A.
6;Planning;6.1.3.e;Behandeling van informatiebeveiligingsrisico’s;De organisatie moet een procedure voor de behandeling van informatiebeveiligingsrisico’s definiëren en toepassen om: | e) een plan voor de behandeling van informatiebeveiligingsrisico’s te formuleren. en
6;Planning;6.1.3.f;Behandeling van informatiebeveiligingsrisico’s;De organisatie moet een procedure voor de behandeling van informatiebeveiligingsrisico’s definiëren en toepassen om: | f) de goedkeuring van risico-eigenaren voor het plan voor de behandeling van informatiebeveiligingsrisico’s en hun acceptatie van de resterende informatiebeveiligingsrisico’s te verkrijgen. | De organisatie moet gedocumenteerde informatie bewaren over de risicobehandelingsprocedure voor informatiebeveiliging. OPMERKING 4 Het proces voor risicobeoordeling en -behandeling in het kader van informatiebeveiliging in dit document komt overeen met de beginselen en algemene richtlijnen van ISO 31000.
6;Planning;6.2.a;Informatiebeveiligingsdoelstellingen en de planning om ze te bereiken;De organisatie informatiebeveiligingsdoel-stellinge moet voor relevante functies en op relevante niveaus vaststellen. De informatiebeveiligingsdoelstellingen moeten: a) consistent zijn met het informatiebeveiligingsbeleid.
6;Planning;6.2.b;Informatiebeveiligingsdoelstellingen en de planning om ze te bereiken;De organisatie informatiebeveiligingsdoel-stellinge moet voor relevante functies en op relevante niveaus vaststellen. De informatiebeveiligingsdoelstellingen moeten: b) meetbaar zijn (indien praktisch uitvoerbaar).
6;Planning;6.2.c;Informatiebeveiligingsdoelstellingen en de planning om ze te bereiken;De informatiebeveiligingsdoelstellingen moeten: c) rekening houden met van toepassing zijnde informatiebeveiligingseisen en de resultaten van risicobeoordeling en -behandeling.
6;Planning;6.2.d;Informatiebeveiligingsdoelstellingen en de planning om ze te bereiken;De organisatie informatiebeveiligingsdoel-stellinge moet voor relevante functies en op relevante niveaus vaststellen. De informatiebeveiligingsdoelstellingen moeten: d) worden gemonitord.
6;Planning;6.2.e;Informatiebeveiligingsdoelstellingen en de planning om ze te bereiken;De organisatie informatiebeveiligingsdoel-stellinge moet voor relevante functies en op relevante niveaus vaststellen. De informatiebeveiligingsdoelstellingen moeten: e) worden gecommuniceerd.
6;Planning;6.2.f;Informatiebeveiligingsdoelstellingen en de planning om ze te bereiken;De organisatie informatiebeveiligingsdoel-stellinge moet voor relevante functies en op relevante niveaus vaststellen. De informatiebeveiligingsdoelstellingen moeten: f) passend bij de situatie worden geactualiseerd.
6;Planning;6.2.g;Informatiebeveiligingsdoelstellingen en de planning om ze te bereiken;De organisatie informatiebeveiligingsdoel-stellinge moet voor relevante functies en op relevante niveaus vaststellen. De informatiebeveiligingsdoelstellingen moeten: g) beschikbaar zijn als gedocumenteerde informatie.
6;Planning;6.2.h;Informatiebeveiligingsdoelstellingen en de planning om ze te bereiken;Bij het opstellen van planningen voor het bereiken van de informatiebeveiligingsdoelstellingen moet de organisatie vaststellen: h) wat er zal worden gedaan.
6;Planning;6.2.i;Informatiebeveiligingsdoelstellingen en de planning om ze te bereiken;Bij het opstellen van planningen voor het bereiken van de informatiebeveiligingsdoelstellingen moet de organisatie vaststellen: | i) welke middelen er nodig zijn.
6;Planning;6.2.j;Informatiebeveiligingsdoelstellingen en de planning om ze te bereiken;Bij het opstellen van planningen voor het bereiken van de informatiebeveiligingsdoelstellingen moet de organisatie vaststellen: | j) wie verantwoordelijk is.
6;Planning;6.2.k;Informatiebeveiligingsdoelstellingen en de planning om ze te bereiken;Bij het opstellen van planningen voor het bereiken van de informatiebeveiligingsdoelstellingen moet de organisatie vaststellen: | k) wanneer het zal zijn voltooid. en
6;Planning;6.2.l;Informatiebeveiligingsdoelstellingen en de planning om ze te bereiken;Bij het opstellen van planningen voor het bereiken van de informatiebeveiligingsdoelstellingen moet de organisatie vaststellen: | l) hoe de resultaten zullen worden geëvalueerd.
6;Planning;6.3;Planning van wijzigingen;Wanneer de organisatie besluit dat er een noodzaak is voor wijzigingen in het managementsysteem voor informatiebeveiliging, moeten de wijzigingen worden uitgevoerd volgens een geplande werkwijze.
7;Ondersteuning;7.1;Middelen;De organisatie moet de middelen vaststellen en beschikbaar stellen die nodig zijn voor het inrichten, implementeren, onderhouden en continu verbeteren van het managementsysteem voor informatiebeveiliging.
7;Ondersteuning;7.2.a;Competentie;De organisatie moet: a) de benodigde competentie vaststellen van de perso(o)n(en) die onder haar gezag werkzaamheden verricht(en) die de prestaties van haar informatiebeveiliging beïnvloeden.
7;Ondersteuning;7.2.b;Competentie;De organisatie moet: | b) bewerkstelligen dat deze personen competent zijn op basis van de juiste opleiding, training of ervaring.
7;Ondersteuning;7.2.c;Competentie;De organisatie moet: | c) indien van toepassing, acties ondernemen om de benodigde competentie te verwerven, en de doeltreffendheid van de ondernomen acties evalueren. en
7;Ondersteuning;7.2.d;Competentie;De organisatie moet: | d) geschikte gedocumenteerde informatie als bewijs van competentie bewaren. OPMERKING Toepasbare acties kunnen bijv. zijn: het voorzien in training van, het begeleiden van of het in een andere functie benoemen van huidige medewerkers. of het inhuren of contracteren van competente personen.
7;Ondersteuning;7.3.a;Bewustzijn;Personen die werkzaamheden verrichten onder het gezag van de organisatie, moeten zich bewust zijn van: a) het informatiebeveiligingsbeleid.
7;Ondersteuning;7.3.b;Bewustzijn;Personen die werkzaamheden verrichten onder het gezag van de organisatie, moeten zich bewust zijn van: | b) hun bijdrage aan de doeltreffendheid van het managementsysteem voor informatiebeveiliging, met inbegrip van de voordelen van verbeterde informatiebeveiligingsprestaties. en
7;Ondersteuning;7.3.c;Bewustzijn;Personen die werkzaamheden verrichten onder het gezag van de organisatie, moeten zich bewust zijn van: | c) de gevolgen van het niet voldoen aan de eisen van het managementsysteem voor informatiebeveiliging.
7;Ondersteuning;7.4.a;Communicatie;De organisatie moet vaststellen welke interne en externe communicatie relevant is voor het managementsysteem voor informatiebeveiliging, inclusief: a) waarover te communiceren.
7;Ondersteuning;7.4.b;Communicatie;De organisatie moet vaststellen welke interne en externe communicatie relevant is voor het managementsysteem voor informatiebeveiliging, inclusief: | b) wanneer te communiceren.
7;Ondersteuning;7.4.c;Communicatie;De organisatie moet vaststellen welke interne en externe communicatie relevant is voor het managementsysteem voor informatiebeveiliging, inclusief: | c) met wie te communiceren.
7;Ondersteuning;7.4.d;Communicatie;De organisatie moet vaststellen welke interne en externe communicatie relevant is voor het managementsysteem voor informatiebeveiliging, inclusief: | d) hoe te communiceren.
7;Ondersteuning;7.5.1.a;Gedocumenteerde informatie;Het managementsysteem voor informatiebeveiliging van de organisatie moet onder andere bevatten: a) de gedocumenteerde informatie die dit document vereist. en
7;Ondersteuning;7.5.1.b;Gedocumenteerde informatie;Het managementsysteem voor informatiebeveiliging van de organisatie moet onder andere bevatten: | b) de gedocumenteerde informatie die de organisatie nodig acht voor de doeltreffendheid van het managementsysteem voor informatiebeveiliging. OPMERKING De uitgebreidheid van gedocumenteerde informatie voor een managementsysteem voor informatiebeveiliging kan van organisatie tot organisatie verschillen vanwege: 1) de omvang van de organisatie en het type van haar activiteiten, processen, producten en diensten. 2) de complexiteit van de processen en hun interacties. en 3) de competentie van de mensen.
7;Ondersteuning;7.5.2.a;Creëren en actualiseren;Bij het creëren en actualiseren van gedocumenteerde informatie moet de organisatie zorgen voor (een) passend(e): a) identificatie en beschrijving (bijv. een titel, datum, auteur of referentienummer).
7;Ondersteuning;7.5.2.b;Creëren en actualiseren;Bij het creëren en actualiseren van gedocumenteerde informatie moet de organisatie zorgen voor (een) passend(e): | b) format (bijv. taal, softwareversie, afbeeldingen) en media (bijv. papier, elektronisch). en
7;Ondersteuning;7.5.2.c;Creëren en actualiseren;Bij het creëren en actualiseren van gedocumenteerde informatie moet de organisatie zorgen voor (een) passend(e): | c) beoordeling en goedkeuring van geschiktheid en toereikendheid.
7;Ondersteuning;7.5.3.a;Beheersing van gedocumenteerde informatie;Gedocumenteerde informatie zoals het managementsysteem voor informatiebeveiliging en dit document vereisen, moet worden beheerst om te bewerkstelligen dat: a) de informatie beschikbaar is en geschikt is voor gebruik, waar en wanneer het nodig is. en
7;Ondersteuning;7.5.3.b;Beheersing van gedocumenteerde informatie;Gedocumenteerde informatie zoals het managementsysteem voor informatiebeveiliging en dit document vereisen, moet worden beheerst om te bewerkstelligen dat: | b) de informatie afdoende is beveiligd (bijv. tegen het verlies van vertrouwelijkheid, oneigenlijk gebruik en aantasting).
7;Ondersteuning;7.5.3.c;Beheersing van gedocumenteerde informatie;Voor het beheersen van gedocumenteerde informatie moet de organisatie, voor zover van toepassing, invulling geven aan de volgende activiteiten: c) distributie, toegang, het terugvinden alsmede het gebruik.
7;Ondersteuning;7.5.3.d;Beheersing van gedocumenteerde informatie;Voor het beheersen van gedocumenteerde informatie moet de organisatie, voor zover van toepassing, invulling geven aan de volgende activiteiten: | d) opslag en behoud, inclusief behoud van leesbaarheid.
7;Ondersteuning;7.5.3.e;Beheersing van gedocumenteerde informatie;Voor het beheersen van gedocumenteerde informatie moet de organisatie, voor zover van toepassing, invulling geven aan de volgende activiteiten: | e) beheersing van wijzigingen (bijv. versiebeheer). en
7;Ondersteuning;7.5.3.f;Beheersing van gedocumenteerde informatie;Voor het beheersen van gedocumenteerde informatie moet de organisatie, voor zover van toepassing, invulling geven aan de volgende activiteiten: | f) bewaring en vernietiging. Gedocumenteerde informatie van externe oorsprong die de organisatie nodig acht voor de planning en uitvoering van het managementsysteem voor informatiebeveiliging moet bij de situatie passend worden geïdentificeerd, en worden beheerst. | OPMERKING Toegang kan impliceren een besluit tot toestemming om de gedocumenteerde informatie alleen in te zien, of tot toestemming en bevoegdheid om de gedocumenteerde informatie in te zien en te wijzigen enz.
8;Uitvoering;8.1;Operationele planning en beheersing;Om te voldoen aan de eisen en om de in hoofdstuk 6 vastgestelde acties te implementeren moet de organisatie de benodigde processen plannen, implementeren en beheersen, door: - criteria vast te stellen voor de processen. - procesbeheersing te implementeren in overeenstemming met de criteria. Gedocumenteerde informatie moet beschikbaar zijn in de omvang die nodig is om het vertrouwen te hebben dat de processen volgens planning zijn uitgevoerd. De organisatie moet geplande wijzigingen beheersen en de consequenties van onbedoelde wijzigingen beoordelen, en zo nodig maatregelen treffen om nadelige effecten tegen te gaan. De organisatie moet bewerkstelligen dat door externen geleverde processen, producten of diensten die relevant zijn voor het managementsysteem voor informatiebeveiliging, worden beheerst.
8;Uitvoering;8.2;Risicobeoordeling van informatiebeveiliging;De organisatie moet, met geplande tussenpozen of zodra belangrijke veranderingen worden voorgesteld of zich voordoen, risicobeoordelingen voor informatiebeveiliging uitvoeren, rekening houdend met de in 6.1.2 a) vastgestelde criteria. De organisatie moet gedocumenteerde informatie bewaren over de resultaten van de risicobeoordelingen voor informatiebeveiliging.
8;Uitvoering;8.3;Informatiebeveiligingsrisico’s behandelen;De organisatie moet het risicobehandelingsplan voor informatiebeveiliging implementeren. De organisatie moet gedocumenteerde informatie bewaren over de resultaten van de risicobehandeling voor informatiebeveiliging.
9;Evaluatie van de prestaties;9.1.a;Monitoren, meten, analyseren en evalueren;De organisatie moet vaststellen: a) wat moet worden gemonitord en gemeten, met inbegrip van processen en beheersmaatregelen voor informatiebeveiliging. | c) wanneer moet worden gemonitord en gemeten. d) wie moet monitoren en meten. e) wanneer de resultaten van het monitoren en meten moeten worden geanalyseerd en geëvalueerd. f) wie deze resultaten moet analyseren en evalueren. Gedocumenteerde informatie moet beschikbaar zijn als bewijs van de resultaten. De organisatie moet de prestaties van de informatiebeveiliging en de doeltreffendheid van het managementsysteem voor informatiebeveiliging evalueren.
9;Evaluatie van de prestaties;9.1.b;Monitoren, meten, analyseren en evalueren;De organisatie moet vaststellen: b) de methoden voor het, voor zover van toepassing, monitoren, meten, analyseren en evalueren om valide resultaten te bewerkstelligen. Om als valide te worden te beschouwd behoren de resultaten van de geselecteerde methoden te kunnen worden vergeleken en gereproduceerd.
9;Evaluatie van de prestaties;9.1.c;Monitoren, meten, analyseren en evalueren;De organisatie moet vaststellen: c) wanneer moet worden gemonitord en gemeten.
9;Evaluatie van de prestaties;9.1.d;Monitoren, meten, analyseren en evalueren;De organisatie moet vaststellen: d) wie moet monitoren en meten.
9;Evaluatie van de prestaties;9.1.e;Monitoren, meten, analyseren en evalueren;De organisatie moet vaststellen: e) wanneer de resultaten van het monitoren en meten moeten worden geanalyseerd en geevalueerd.
9;Evaluatie van de prestaties;9.1.f;Monitoren, meten, analyseren en evalueren;De organisatie moet vaststellen: f) wie deze resultaten moet analyseren en evalueren. Gedocumenteerde informatie moet beschikbaar zijn als bewijs van de resultaten. De organisatie moet de prestaties van de informatiebeveiliging en de doeltreffendheid van het managementsysteem voor informatiebeveiliging evalueren.
9;Evaluatie van de prestaties;9.2.1.a;Interne audit;De organisatie moet met geplande tussenpozen interne audits uitvoeren om informatie te verkrijgen of het managementsysteem voor informatiebeveiliging: a) voldoet aan 1) de eigen eisen van de organisatie voor haar managementsysteem voor informatiebeveiliging. 2) de eisen van dit document.
9;Evaluatie van de prestaties;9.2.1.b;Interne audit;De organisatie moet met geplande tussenpozen interne audits uitvoeren om informatie te verkrijgen of het managementsysteem voor informatiebeveiliging: b) doeltreffend is geimplementeerd en onderhouden.
9;Evaluatie van de prestaties;9.2.2.a;Intern auditprogramma;De organisatie moet (een) auditprogramma(s) plannen, vaststellen, implementeren en onderhouden, met inbegrip van de frequentie, methoden, verantwoordelijkheden, planningseisen en rapportage. Bij het inrichten van het (de) interne auditprogramma('s) moet de organisatie rekening houden met het belang van de betrokken processen en met de resultaten van voorgaande audits. De organisatie moet: a) de auditcriteria voor en de reikwijdte van elke audit definieren.
9;Evaluatie van de prestaties;9.2.2.b;Intern auditprogramma;De organisatie moet (een) auditprogramma(s) plannen, vaststellen, implementeren en onderhouden, met inbegrip van de frequentie, methoden, verantwoordelijkheden, planningseisen en rapportage. Bij het inrichten van het (de) interne auditprogramma('s) moet de organisatie rekening houden met het belang van de betrokken processen en met de resultaten van voorgaande audits. De organisatie moet: b) auditoren selecteren en audits uitvoeren zodanig dat de objectiviteit en de onpartijdigheid van het auditproces worden bewerkstelligd.
9;Evaluatie van de prestaties;9.2.2.c;Intern auditprogramma;De organisatie moet (een) auditprogramma(s) plannen, vaststellen, implementeren en onderhouden, met inbegrip van de frequentie, methoden, verantwoordelijkheden, planningseisen en rapportage. Bij het inrichten van het (de) interne auditprogramma('s) moet de organisatie rekening houden met het belang van de betrokken processen en met de resultaten van voorgaande audits. De organisatie moet: c) bewerkstelligen dat de resultaten van de audits worden gerapporteerd aan het relevante management. Gedocumenteerde informatie moet beschikbaar zijn als bewijs van de implementatie van het (de) audit programma('s) en de auditresultaten.
9;Evaluatie van de prestaties;9.3.1;Management review;Het topmanagement moet met geplande tussenpozen het managementsysteem voor informatiebeveiliging van de organisatie beoordelen om de continue geschiktheid, toereikendheid en doeltreffendheid ervan te bewerkstelligen.
9;Evaluatie van de prestaties;9.3.2.a;Input voor de management review;Bij de management review moet onder andere rekening worden gehouden met: a) de status van acties die zijn voortgekomen uit voorgaande management reviews.
9;Evaluatie van de prestaties;9.3.2.b;Input voor de management review;Bij de management review moet onder andere rekening worden gehouden met: | b) wijzigingen in externe en interne belangrijke punten (issues) die relevant zijn voor het managementsysteem voor informatiebeveiliging.
9;Evaluatie van de prestaties;9.3.2.c;Input voor de management review;Bij de management review moet onder andere rekening worden gehouden met: | c) wijzigingen in de behoeften en verwachtingen van de belanghebbenden die relevant zijn voor het managementsysteem voor informatiebeveiliging.
9;Evaluatie van de prestaties;9.3.2.d;Input voor de management review;Bij de management review moet onder andere rekening worden gehouden met: | d) feedback over de prestaties van de informatiebeveiliging, met inbegrip van trends in: 1) afwijkingen en corrigerende maatregelen. 2) resultaten van monitoren en meten. 3) auditresultaten. 4) het voldoen aan informatiebeveiligingsdoelstellingen.
9;Evaluatie van de prestaties;9.3.2.e;Input voor de management review;Bij de management review moet onder andere rekening worden gehouden met: | e) feedback van belanghebbenden.
9;Evaluatie van de prestaties;9.3.2.f;Input voor de management review;Bij de management review moet onder andere rekening worden gehouden met: | f) resultaten van risicobeoordeling en de status van het risicobehandelingsplan.
9;Evaluatie van de prestaties;9.3.2.g;Input voor de management review;Bij de management review moet onder andere rekening worden gehouden met: | g) kansen voor continue verbetering.
9;Evaluatie van de prestaties;9.3.3;Resultaten van de management review;De resultaten van de management reviews moeten beslissingen omvatten met betrekking tot kansen voor continue verbetering en de noodzaak voor wijzigingen in het managementsysteem voor informatiebeveiliging. Gedocumenteerde informatie moet beschikbaar zijn als bewijs van de resultaten van de management reviews.
10;Verbetering;10.1;Continue verbetering;De organisatie moet continu de geschiktheid, toereikendheid en doeltreffendheid van het managementsysteem voor informatiebeveiliging verbeteren.
10;Verbetering;10.2.a;Afwijkingen en corrigerende maatregelen;Wanneer zich een afwijking voordoet, moet de organisatie: a) op de afwijking reageren, en indien van toepassing: 1) maatregelen treffen om de afwijking te beheersen en te corrigeren. 2) de consequenties aanpakken.
10;Verbetering;10.2.b;Afwijkingen en corrigerende maatregelen;Wanneer zich een afwijking voordoet, moet de organisatie: b) de noodzaak evalueren om maatregelen te treffen om de oorzaken van de afwijking weg te nemen, zodat de afwijking zich niet herhaalt of zich niet elders voordoet, door: 1) de afwijking te beoordelen. 2) de oorzaken van de afwijking vast te stellen. en 3) vast te stellen of zich gelijksoortige afwijkingen voordoen of kunnen voordoen.
10;Verbetering;10.2.c;Afwijkingen en corrigerende maatregelen;Wanneer zich een afwijking voordoet, moet de organisatie: c) de benodigde maatregelen implementeren.
10;Verbetering;10.2.d;Afwijkingen en corrigerende maatregelen;Wanneer zich een afwijking voordoet, moet de organisatie: d) de doeltreffendheid van getroffen corrigerende maatregelen beoordelen. en
10;Verbetering;10.2.e;Afwijkingen en corrigerende maatregelen;Wanneer zich een afwijking voordoet, moet de organisatie: e) zo nodig, wijzigingen aanbrengen in het managementsysteem voor informatiebeveiliging.
10;Verbetering;10.2.f;Afwijkingen en corrigerende maatregelen;Corrigerende maatregelen moeten passend zijn voor de effecten van de opgetreden afwijkingen. Gedocumenteerde informatie moet beschikbaar zijn als bewijs van: f) de aard van de afwijkingen en de vervolgens getroffen maatregelen.
10;Verbetering;10.2.g;Afwijkingen en corrigerende maatregelen;Corrigerende maatregelen moeten passend zijn voor de effecten van de opgetreden afwijkingen. Gedocumenteerde informatie moet beschikbaar zijn als bewijs van: g) de resultaten van corrigerende maatregelen.
A.5;Organisatorische beheersmaatregelen;A.5.1;Beleidsregels voor informatiebeveiliging;Informatiebeveiligingsbeleid en onderwerpspecifieke beleidsregels moeten worden gedefinieerd, goedgekeurd door het management, gepubliceerd, gecommuniceerd aan en erkend door relevant personeel en relevante belanghebbenden en met geplande tussenpozen en als zich significante wijzigingen voordoen, worden beoordeeld.
A.5;Organisatorische beheersmaatregelen;A.5.2;Rollen en verantwoordelijkheden bij informatiebeveiliging;Rollen en verantwoordelijkheden bij informatiebeveiliging moeten worden gedefinieerd en toegewezen overeenkomstig de behoeften van de organisatie.
A.5;Organisatorische beheersmaatregelen;A.5.3;Functiescheiding;Conflicterende taken en conflicterende verantwoordelijkheden moeten worden gescheiden.
A.5;Organisatorische beheersmaatregelen;A.5.4;Managementverantwoordelijkheden;Het management moet van al het personeel eisen dat ze informatiebeveiliging toepassen overeenkomstig het vastgestelde informatiebeveiligingsbeleid, de onderwerpspecifieke beleidsregels en procedures van de organisatie.
A.5;Organisatorische beheersmaatregelen;A.5.5;Contact met overheidsinstanties;De organisatie moet contact met de relevante instanties leggen en onderhouden.
A.5;Organisatorische beheersmaatregelen;A.5.6;Contact met speciale belangengroepen;De organisatie moet contacten met speciale belangengroepen of andere gespecialiseerde beveiligingsfora en beroepsverenigingen leggen en onderhouden.
A.5;Organisatorische beheersmaatregelen;A.5.7;Informatie en analyses over dreigingen;Informatie met betrekking tot informatiebeveiligingsdreigingen moet worden verzameld en geanalyseerd om informatie over dreigingen te produceren.
A.5;Organisatorische beheersmaatregelen;A.5.9;Inventarisatie van informatie en andere gerelateerde bedrijfsmiddelen;Er moet een inventarislijst van informatie en andere gerelateerde bedrijfsmiddelen, met inbegrip van de eigenaren, worden opgesteld en onderhouden.
A.5;Organisatorische beheersmaatregelen;A.5.10;Aanvaardbaar gebruik van informatie en andere gerelateerde bedrijfsmiddelen;Regels voor het aanvaardbaar gebruik van en procedures voor het omgaan met informatie en andere gerelateerde bedrijfsmiddelen moeten worden geïdentificeerd, gedocumenteerd en geïmplementeerd.
A.5;Organisatorische beheersmaatregelen;A.5.11;Retourneren van bedrijfsmiddelen;Personeel en andere belanghebbenden, al naargelang de situatie, moeten alle bedrijfsmiddelen van de organisatie die ze in hun bezit hebben bij beëindiging van hun dienstverband, contract of overeenkomst retourneren.
A.5;Organisatorische beheersmaatregelen;A.5.12;Classificeren van informatie;Informatie moet worden geclassificeerd volgens de informatiebeveiligingsbehoeften van de organisatie, op basis van de eisen voor vertrouwelijkheid, integriteit, beschikbaarheid en relevante eisen van belanghebbenden.
A.5;Organisatorische beheersmaatregelen;A.5.13;Labelen van informatie;Om informatie te labelen moet een passende reeks procedures worden ontwikkeld en geïmplementeerd in overeenstemming met het informatieclassificatieschema dat is vastgesteld door de organisatie.
A.5;Organisatorische beheersmaatregelen;A.5.14;Overdragen van informatie;Er moeten regels, procedures of overeenkomsten voor informatieoverdracht zijn ingesteld voor alle soorten van communicatiefaciliteiten binnen de organisatie en tussen de organisatie en andere partijen.
A.5;Organisatorische beheersmaatregelen;A.5.15;Toegangsbeveiliging;Er moeten regels op basis van bedrijfs- en informatiebeveiligingseisen worden vastgesteld en geïmplementeerd om de fysieke en logische toegang tot informatie en andere gerelateerde bedrijfsmiddelen te beheersen.
A.5;Organisatorische beheersmaatregelen;A.5.16;Identiteitsbeheer;De volledige levenscyclus van identiteiten moet worden beheerd.
A.5;Organisatorische beheersmaatregelen;A.5.17;Authenticatie-informatie;De toewijzing en het beheer van authenticatie-informatie moet worden beheerst door middel van een beheerproces waarvan het adviseren van het personeel over de juiste manier van omgaan met authenticatie-informatie deel uitmaakt.
A.5;Organisatorische beheersmaatregelen;A.5.18;Toegangsrechten;Toegangsrechten voor informatie en andere gerelateerde bedrijfsmiddelen moeten worden verstrekt, beoordeeld, aangepast en verwijderd overeenkomstig het onderwerpspecifieke beleid en de regels inzake toegangsbeveiliging van de organisatie.
A.5;Organisatorische beheersmaatregelen;A.5.19;Informatiebeveiliging in leveranciersrelaties;Er moeten processen en procedures worden vastgesteld en geïmplementeerd om de informatiebeveiligingsrisico’s in verband met het gebruik van producten of diensten van de leverancier te beheersen.
A.5;Organisatorische beheersmaatregelen;A.5.20;Adresseren van informatiebeveiliging in leveranciersovereenkomsten;Relevante informatiebeveiligingseisen moeten worden vastgesteld en met elke leverancier op basis van het type leveranciersrelatie worden overeengekomen.
A.5;Organisatorische beheersmaatregelen;A.5.21;Beheren van informatiebeveiliging in de ICT-toeleveringsketen;Er moeten processen en procedures worden bepaald en geïmplementeerd om de informatiebeveiligingsrisico’s in verband met de toeleveringsketen van ICT-producten en -diensten te beheersen.
A.5;Organisatorische beheersmaatregelen;A.5.22;Monitoren, beoordelen en het beheren van wijzigingen van leveranciersdiensten;De organisatie moet de informatiebeveiligingspraktijken en de dienstverlening van leveranciers regelmatig monitoren, beoordelen, evalueren en veranderingen daaraan beheren.
A.5;Organisatorische beheersmaatregelen;A.5.23;Informatiebeveiliging voor het gebruik van clouddiensten;Processen voor het aanschaffen, gebruiken, beheren en beëindigen van clouddiensten moeten overeenkomstig de informatiebeveiligingseisen van de organisatie worden opgesteld.
A.5;Organisatorische beheersmaatregelen;A.5.24;Plannen en voorbereiden van het beheer van informatiebeveiligings-incidente;De organisatie moet plannen opstellen voor, en zich voorbereiden op, het beheren van informatiebeveiligingsincidenten door processen, rollen en verantwoordelijkheden voor het beheer van informatie-beveiligingsincidente te definiëren, vast te stellen en te communiceren.
A.5;Organisatorische beheersmaatregelen;A.5.25;Beoordelen van en besluiten over informatiebeveiligingsgebeurtenissen;De organisatie moet informatiebeveiligingsgebeurtenissen beoordelen en beslissen of ze moeten worden gecategoriseerd als informatiebeveiligingsincidenten.
A.5;Organisatorische beheersmaatregelen;A.5.26;Reageren op informatiebeveiligingsincidenten;Op informatiebeveiligingsincidenten moet worden gereageerd in overeenstemming met de gedocumenteerde procedures.
A.5;Organisatorische beheersmaatregelen;A.5.27;Leren van informatiebeveiligingsincidenten;Kennis die is opgedaan met informatiebeveiligingsincidenten moet worden gebruikt om de beheersmaatregelen voor informatiebeveiliging te versterken en te verbeteren.
A.5;Organisatorische beheersmaatregelen;A.5.28;Verzamelen van bewijsmateriaal;De organisatie moet procedures vaststellen en implementeren voor het identificeren, verzamelen, verkrijgen en bewaren van bewijs met betrekking tot informatiebeveiligingsgebeurtenissen.
A.5;Organisatorische beheersmaatregelen;A.5.29;Informatiebeveiliging tijdens een verstoring;De organisatie moet plannen maken voor het op het passende niveau waarborgen van de informatiebeveiliging tijdens een verstoring.
A.5;Organisatorische beheersmaatregelen;A.5.30;ICT-gereedheid voor bedrijfscontinuïteit;De ICT-gereedheid moet worden gepland, geïmplementeerd, onderhouden bedrijfscontinuïteitsdoel-stellinge en getest op basis van en ICT-continuïteitseisen.
A.5;Organisatorische beheersmaatregelen;A.5.31;Wettelijke, statutaire, regelgevende en contractuele eisen;Wettelijke, statutaire, regelgevende en contractuele eisen die relevant zijn voor informatiebeveiliging en de aanpak van de organisatie om aan deze eisen te voldoen, moeten worden geïdentificeerd, gedocumenteerd en actueel gehouden.
A.5;Organisatorische beheersmaatregelen;A.5.32;Intellectuele-eigendomsrechten;De organisatie moet passende procedures implementeren om intellectuele-eigendomsrechten te beschermen.
A.5;Organisatorische beheersmaatregelen;A.5.33;Beschermen van registraties;Registraties moeten worden beschermd tegen verlies, vernietiging, vervalsing, toegang door onbevoegden en ongeoorloofde vrijgave.
A.5;Organisatorische beheersmaatregelen;A.5.34;Privacy en bescherming van persoonsgegevens;De organisatie moet de eisen met betrekking tot het behoud van privacy en de bescherming van persoonsgegevens volgens de toepasselijke wet- en regelgeving en contractuele eisen identificeren en eraan voldoen.
A.5;Organisatorische beheersmaatregelen;A.5.35;Onafhankelijke beoordeling van informatiebeveiliging;De aanpak van de organisatie ten aanzien van het beheer van informatiebeveiliging en de implementatie ervan, met inbegrip van mensen, processen en technologieën, moeten onafhankelijk en met geplande tussenpozen of zodra zich belangrijke veranderingen voordoen, worden beoordeeld.
A.5;Organisatorische beheersmaatregelen;A.5.36;Naleving van beleid, regels en normen voor informatiebeveiliging;De naleving van het informatiebeveiligingsbeleid, het onderwerpspecifieke beleid, regels en de normen van de organisatie moet regelmatig worden beoordeeld.
A.5;Organisatorische beheersmaatregelen;A.5.37;Gedocumenteerde bedieningsprocedures;Bedieningsprocedures voor informatieverwerkende faciliteiten moeten worden gedocumenteerd en beschikbaar worden gesteld aan het personeel dat ze nodig heeft.
A.6;Mensgerichte beheersmaatregelen;A.6.1;Screening;De achtergrond van alle kandidaten voor een dienstverband moet worden gecontroleerd voordat ze bij de organisatie in dienst treden en daarna op gezette tijden worden herhaald. Hierbij moet rekening worden gehouden met de toepasselijke wet- en regelgeving en ethische overwegingen, en deze controle moet in verhouding staan tot de bedrijfseisen, de classificatie van de informatie waartoe toegang wordt verleend en de vastgestelde risico’s.
A.6;Mensgerichte beheersmaatregelen;A.6.2;Arbeidsovereenkomst;In arbeidsovereenkomsten moet worden vermeld wat de verantwoordelijkheden van het personeel en van de organisatie zijn wat betreft informatiebeveiliging.
A.6;Mensgerichte beheersmaatregelen;A.6.3;Bewustwording van, opleiding en training in informatiebeveiliging;Personeel van de organisatie en relevante belanghebbenden moeten een passende bewustwording van, opleiding en training in informatiebeveiliging en regelmatige updates over het informatiebeveiligingsbeleid, onderwerpspecifieke beleidsregels en procedures van de organisatie, voor zover relevant voor hun functie, krijgen.
A.6;Mensgerichte beheersmaatregelen;A.6.4;Disciplinaire procedure;Er moet een formele en gecommuniceerde disciplinaire procedure zijn om actie te ondernemen tegen personeel en andere belanghebbenden die zich schuldig hebben gemaakt aan een schending van het informatiebeveiligingsbeleid.
A.6;Mensgerichte beheersmaatregelen;A.6.5;Verantwoordelijkheden na beëindiging of wijziging van het dienstverband;Verantwoordelijkheden en taken met betrekking tot informatiebeveiliging die van kracht blijven na beëindiging of wijziging van het dienstverband, moeten worden gedefinieerd, gehandhaafd en gecommuniceerd aan relevant personeel en andere belanghebbenden.
A.6;Mensgerichte beheersmaatregelen;A.6.6;Vertrouwelijkheids- of geheimhoudingsovereenkomsten;Vertrouwelijkheids- of geheimhoudingsovereenkomsten die de behoeften van de organisatie inzake de bescherming van informatie weerspiegelen, moeten worden geïdentificeerd, gedocumenteerd, regelmatig worden beoordeeld en ondertekend door personeel en andere relevante belanghebbenden.
A.6;Mensgerichte beheersmaatregelen;A.6.7;Werken op afstand;Wanneer personeel op afstand werkt, moeten er beveiligingsmaatregelen worden geïmplementeerd om informatie te beschermen die buiten het gebouw en/of terrein van de organisatie wordt ingezien, verwerkt of opgeslagen.
A.6;Mensgerichte beheersmaatregelen;A.6.8;Melden van informatiebeveiligingsgebeurtenissen;De organisatie moet voorzien in een mechanisme waarmee personeel waargenomen informatiebeveiligings-gebeurtenisse of vermoede tijdig via passende kanalen kan melden.
A.7;Fysieke beheersmaatregelen;A.7.1;Fysieke beveiligingszones;Zones die informatie en andere gerelateerde bedrijfsmiddelen bevatten, moeten worden beschermd door beveiligingszones te definiëren en te gebruiken.
A.7;Fysieke beheersmaatregelen;A.7.2;Fysieke toegangsbeveiliging;Beveiligde zones moeten worden beschermd door passende toegangsbeveiligingsmaatregelen en toegangspunten.
A.7;Fysieke beheersmaatregelen;A.7.3;Beveiligen van kantoren, ruimten en faciliteiten;Voor kantoren, ruimten en faciliteiten moet fysieke beveiliging worden ontworpen en geïmplementeerd.
A.7;Fysieke beheersmaatregelen;A.7.4;Monitoren van de fysieke beveiliging;Het gebouw en terrein moet voortdurend worden gemonitord op onbevoegde fysieke toegang.
A.7;Fysieke beheersmaatregelen;A.7.5;Beschermen tegen fysieke en omgevingsdreigingen;Er moet bescherming tegen fysieke en omgevingsdreigingen, zoals natuurrampen en andere opzettelijke of onopzettelijke fysieke dreigingen voor de infrastructuur, worden ontworpen en geïmplementeerd.
A.7;Fysieke beheersmaatregelen;A.7.6;Werken in beveiligde zones;Voor het werken in beveiligde zones moeten beveiligingsmaatregelen worden ontwikkeld en geïmplementeerd.
A.7;Fysieke beheersmaatregelen;A.7.7;clean desk en clean screen;Er moeten clean desk-regels voor papieren documenten en verwijderbare opslagmedia en clean screen-regels voor informatieverwerkende faciliteiten worden gedefinieerd en op passende wijze worden afgedwongen.
A.7;Fysieke beheersmaatregelen;A.7.8;Plaatsen en beschermen van apparatuur;Apparatuur moet veilig worden geplaatst en beschermd.
A.7;Fysieke beheersmaatregelen;A.7.9;Beveiligen van bedrijfsmiddelen buiten het terrein;Bedrijfsmiddelen buiten het gebouw en/of terrein moeten worden beschermd.
A.7;Fysieke beheersmaatregelen;A.7.10;Opslagmedia;Opslagmedia moeten worden beheerd gedurende hun volledige levenscyclus van aanschaf, gebruik, transport en verwijdering overeenkomstig het classificatieschema en de hanteringseisen van de organisatie.
A.7;Fysieke beheersmaatregelen;A.7.11;Nutsvoorzieningen;Informatieverwerkende faciliteiten moeten worden beschermd tegen stroomuitval en andere verstoringen die worden veroorzaakt door storingen in nutsvoorzieningen.
A.7;Fysieke beheersmaatregelen;A.7.12;Beveiligen van bekabeling;Voedingskabels en kabels voor het versturen van gegevens of die informatiediensten ondersteunen, moeten worden beschermd tegen onderschepping, interferentie of beschadiging.
A.7;Fysieke beheersmaatregelen;A.7.13;Onderhoud van apparatuur;Apparatuur moet op de juiste wijze worden onderhouden om de beschikbaarheid, integriteit en betrouwbaarheid van informatie te garanderen.
A.7;Fysieke beheersmaatregelen;A.7.14;Veilig verwijderen of hergebruiken van apparatuur;Onderdelen van de apparatuur die opslagmedia bevatten, moeten worden gecontroleerd om te waarborgen dat gevoelige gegevens en gelicentieerde software zijn verwijderd of veilig zijn overschreven voordat ze worden verwijderd of hergebruikt.
A.8;Technologische beheersmaatregelen;A.8.1;User endpoint devices';Informatie die is opgeslagen op, wordt verwerkt door of toegankelijk is via 'user endpoint devices' moet worden beschermd.
A.8;Technologische beheersmaatregelen;A.8.2;Speciale toegangsrechten;Het toewijzen en het gebruik van speciale toegangsrechten moet worden beperkt en beheerd.
A.8;Technologische beheersmaatregelen;A.8.3;Beperking toegang tot informatie;De toegang tot informatie en andere gerelateerde bedrijfsmiddelen moet worden beperkt overeenkomstig het vastgestelde onderwerpspecifieke beleid inzake toegangsbeveiliging.
A.8;Technologische beheersmaatregelen;A.8.4;Toegangsbeveiliging op broncode;Lees- en schrijftoegang tot broncode, ontwikkelinstrumenten en softwarebibliotheken moet op passende wijze worden beheerd.
A.8;Technologische beheersmaatregelen;A.8.5;Beveiligde authenticatie;Er moeten beveiligde authenticatietechnologieën en -procedures worden geïmplementeerd op basis van beperkingen van de toegang tot informatie en het onderwerpspecifieke beleid inzake toegangsbeveiliging.
A.8;Technologische beheersmaatregelen;A.8.6;Capaciteitsbeheer;Het gebruik van middelen moet worden gemonitord en aangepast overeenkomstig de huidige en verwachte capaciteitseisen.
A.8;Technologische beheersmaatregelen;A.8.7;Bescherming tegen malware;Bescherming tegen malware moet worden geïmplementeerd en ondersteund door een passend gebuikersbewustzijn.
A.8;Technologische beheersmaatregelen;A.8.8;Beheer van technische kwetsbaarheden;Er moet informatie worden verkregen over technische kwetsbaarheden van in gebruik zijnde informatiesystemen, de blootstelling van de organisatie aan dergelijke kwetsbaarheden moet worden geëvalueerd en er moeten passende maatregelen worden getroffen.
A.8;Technologische beheersmaatregelen;A.8.9;Configuratiebeheer;Configuraties, met inbegrip van beveiligingsconfiguraties, van hardware, software, diensten en netwerken moeten worden vastgesteld, gedocumenteerd, geïmplementeerd, gemonitord en beoordeeld.
A.8;Technologische beheersmaatregelen;A.8.10;Wissen van informatie;In informatiesystemen, apparaten of andere opslagmedia opgeslagen informatie moet worden gewist als deze niet langer vereist is.
A.8;Technologische beheersmaatregelen;A.8.11;Maskeren van gegevens;Gegevens moeten worden gemaskeerd overeenkomstig het onderwerpspecifieke beleid inzake toegangsbeveiliging en andere gerelateerde onderwerpspecifieke beleidsregels, en bedrijfseisen van de organisatie, rekening houdend met de toepasselijke wetgeving.
A.8;Technologische beheersmaatregelen;A.8.12;Voorkomen van gegevenslekken (data leakage prevention);Maatregelen om gegevenslekken te voorkomen moeten worden toegepast in systemen, netwerken en andere apparaten waarop of waarmee gevoelige informatie wordt verwerkt, opgeslagen of getransporteerd.
A.8;Technologische beheersmaatregelen;A.8.13;Back-up van informatie;Back-ups van informatie, software en systemen moeten worden bewaard en regelmatig worden getest overeenkomstig het overeengekomen onderwerpspecifieke beleid inzake back-ups.
A.8;Technologische beheersmaatregelen;A.8.14;Redundantie van informatieverwerkende faciliteiten;Informatieverwerkende faciliteiten moeten met voldoende redundantie worden geïmplementeerd om aan beschikbaarheidseisen te voldoen.
A.8;Technologische beheersmaatregelen;A.8.15;Logging;Er moeten logbestanden waarin activiteiten, uitzonderingen, fouten en andere relevante gebeurtenissen worden geregistreerd, worden geproduceerd, opgeslagen, beschermd en geanalyseerd.
A.8;Technologische beheersmaatregelen;A.8.16;Monitoren van activiteiten;Netwerken, systemen en toepassingen moeten worden gemonitord op afwijkend gedrag en er moeten passende maatregelen worden getroffen om potentiële informatiebeveiligingsincidenten te evalueren.
A.8;Technologische beheersmaatregelen;A.8.17;Kloksynchronisatie;De klokken van informatieverwerkende systemen die door de organisatie worden gebruikt, moeten worden gesynchroniseerd met goedgekeurde tijdbronnen.
A.8;Technologische beheersmaatregelen;A.8.18;Gebruik van speciale systeemhulpmiddelen;Het gebruik van systeemhulpmiddelen die in staat kunnen zijn om beheersmaatregelen voor systemen en toepassingen te omzeilen, moet worden beperkt en nauwkeurig worden gecontroleerd.
A.8;Technologische beheersmaatregelen;A.8.19;Installeren van software op operationele systemen;Er moeten procedures en maatregelen worden geïmplementeerd om het installeren van software op operationele systemen op veilige wijze te beheren.
A.8;Technologische beheersmaatregelen;A.8.20;Beveiliging netwerkcomponenten;Netwerken en netwerkapparaten moeten worden beveiligd, beheerd en beheerst om informatie in systemen en toepassingen te beschermen.
A.8;Technologische beheersmaatregelen;A.8.21;Beveiliging van netwerkdiensten;Beveiligingsmechanismen, dienstverleningsniveaus en dienstverleningseisen voor alle netwerkdiensten moeten worden geïdentificeerd, geïmplementeerd en gemonitord.
A.8;Technologische beheersmaatregelen;A.8.22;Netwerksegmentatie;Groepen informatiediensten, gebruikers en informatiesystemen moeten in de netwerken van de organisatie worden gesegmenteerd.
A.8;Technologische beheersmaatregelen;A.8.23;Toepassen van webfilters;De toegang tot externe websites moet worden beheerd om de blootstelling aan kwaadaardige inhoud te beperken.
A.8;Technologische beheersmaatregelen;A.8.24;Gebruik van cryptografie;Regels voor het doeltreffende gebruik van cryptografie, met inbegrip van het beheer van cryptografische sleutels, moeten worden gedefinieerd en geïmplementeerd.
A.8;Technologische beheersmaatregelen;A.8.25;Beveiligen tijdens de ontwikkelcyclus;Voor het veilig ontwikkelen van software en systemen moeten regels worden vastgesteld en toegepast.
A.8;Technologische beheersmaatregelen;A.8.26;Toepassingsbeveiligingseisen;Er moeten eisen aan de informatiebeveiliging worden geïdentificeerd, gespecificeerd en goedgekeurd bij het ontwikkelen of aanschaffen van toepassingen.
A.8;Technologische beheersmaatregelen;A.8.27;Veilige systeemarchitectuur en technische uitgangspunten;Uitgangspunten voor het ontwerpen van beveiligde systemen moeten worden vastgesteld, gedocumenteerd, onderhouden en toegepast voor alle activiteiten betreffende het ontwikkelen van informatiesystemen.
A.8;Technologische beheersmaatregelen;A.8.28;Veilig coderen;Er moeten principes voor veilig coderen worden toegepast op softwareontwikkeling.
A.8;Technologische beheersmaatregelen;A.8.29;Testen van de beveiliging tijdens ontwikkeling en acceptatie;Processen voor het testen van de beveiliging moeten worden gedefinieerd en geïmplementeerd in de ontwikkelcyclus.
A.8;Technologische beheersmaatregelen;A.8.30;Uitbestede systeemontwikkeling;De organisatie moet de activiteiten in verband met uitbestede systeemontwikkeling sturen, bewaken en beoordelen.
A.8;Technologische beheersmaatregelen;A.8.31;Scheiding van ontwikkel-, test- en productieomgevingen;Ontwikkel-, test- en productieomgevingen moeten worden gescheiden en beveiligd.
A.8;Technologische beheersmaatregelen;A.8.32;Wijzigingsbeheer;Wijzigingen in informatieverwerkende faciliteiten en informatiesystemen moeten onderworpen zijn aan procedures voor wijzigingsbeheer.
A.8;Technologische beheersmaatregelen;A.8.33;Testgegevens;Testgegevens moeten op passende wijze worden geselecteerd, beschermd en beheerd.
A.8;Technologische beheersmaatregelen;A.8.34;Bescherming van informatiesystemen tijdens audits;Audittests en andere auditactiviteiten waarbij operationele systemen worden beoordeeld, moeten worden gepland en overeengekomen tussen de tester en het verantwoordelijke management.
